id_pedido,id_cliente,id_restaurante,id_entregador,distancia_km,valor_pedido,clima,horario_pico,tempo_entrega_min,tempo_prometido_min,atrasado,minutos_atraso,avaliacao
1001,103,5,34,13.06,54.49,Nublado,1,96,74,1,22,2.3
1002,180,6,29,12.85,185.28,Chuvoso,0,87,73,1,14,3.0
1003,93,20,4,13.86,38.32,Nublado,1,100,76,1,24,1.9
1004,15,26,17,4.53,111.07,Ensolarado,0,46,48,0,0,4.7
1005,107,2,35,11.57,59.75,Ensolarado,0,68,69,0,0,4.8
1006,72,27,13,7.45,27.01,Ensolarado,1,67,57,1,10,3.5
1007,189,24,41,12.79,26.48,Ensolarado,1,76,73,1,3,4.4
1008,21,27,39,11.2,51.54,Nublado,1,85,68,1,17,2.7
1009,103,13,15,11.87,176.02,Nublado,1,87,70,1,17,2.8
1010,122,6,29,10.19,70.85,Nublado,1,100,65,1,35,1.0
1011,75,5,29,3.48,191.08,Ensolarado,0,54,45,1,9,3.7
1012,88,25,11,8.63,124.69,Ensolarado,0,66,60,1,6,4.2
1013,117,1,32,14.79,98.59,Ensolarado,0,79,79,0,0,4.8
1014,100,21,2,14.12,124.42,Ensolarado,1,85,77,1,8,3.7
1015,104,22,47,1.6,113.01,Ensolarado,0,34,39,0,0,5.0
1016,152,21,14,3.31,156.58,Nublado,0,56,44,1,12,3.4
1017,131,6,20,2.84,70.85,Nublado,0,40,43,0,0,4.9
1018,150,6,22,11.16,83.55,Ensolarado,1,87,68,1,19,2.5
1019,53,23,11,12.45,180.94,Ensolarado,0,61,72,0,0,5.0
1020,2,16,27,3.99,190.36,Ensolarado,0,53,46,1,7,3.9
1021,88,4,3,8.08,180.66,Ensolarado,0,61,59,1,2,4.7
1022,158,11,17,12.77,95.5,Nublado,0,77,73,1,4,4.5
1023,38,24,44,11.26,160.47,Ensolarado,0,73,68,1,5,4.1
1024,130,23,28,8.59,105.74,Ensolarado,1,71,60,1,11,3.6
1025,192,9,29,9.26,109.56,Ensolarado,1,76,62,1,14,2.9
1026,188,23,21,8.12,56.84,Chuvoso,1,90,59,1,31,1.3
1027,21,3,47,5.17,126.4,Ensolarado,0,48,50,0,0,4.8
1028,161,19,16,8.91,53.5,Ensolarado,1,79,61,1,18,2.8
1029,58,8,37,10.64,79.68,Ensolarado,0,62,66,0,0,4.9
1030,22,5,20,13.23,173.91,Nublado,0,85,74,1,11,3.3
1031,89,4,6,9.91,57.27,Chuvoso,1,93,64,1,29,1.2
1032,49,24,19,11.66,32.81,Ensolarado,0,58,69,0,0,5.0
1033,59,6,5,3.24,32.42,Chuvoso,0,50,44,1,6,4.1
1034,170,2,3,7.46,189.34,Chuvoso,1,77,57,1,20,2.3
1035,188,20,1,1.13,111.25,Chuvoso,0,57,38,1,19,2.6
1036,15,28,38,4.45,93.69,Nublado,1,67,48,1,19,2.7
1037,190,11,15,11.17,165.96,Nublado,0,82,68,1,14,3.0
1038,190,4,34,14.89,170.45,Ensolarado,1,94,79,1,15,2.8
1039,175,15,35,2.39,79.79,Nublado,0,47,42,1,5,4.0
1040,190,6,49,6.62,144.85,Ensolarado,0,56,54,1,2,4.4
1041,51,22,25,12.2,158.8,Nublado,1,74,71,1,3,4.4
1042,108,17,24,3.86,137.84,Ensolarado,0,47,46,1,1,4.7
1043,55,24,12,8.77,47.29,Nublado,0,63,61,1,2,4.7
1044,64,6,18,11.26,177.66,Nublado,0,79,68,1,11,3.6
1045,131,19,15,9.62,117.04,Ensolarado,0,63,63,0,0,4.7
1046,51,25,44,3.63,70.85,Nublado,0,35,45,0,0,4.7
1047,135,2,16,5.98,96.54,Ensolarado,0,52,52,0,0,4.7
1048,21,15,27,11.97,26.76,Nublado,1,79,70,1,9,3.6
1049,73,11,8,8.76,43.02,Ensolarado,0,62,61,1,1,4.5
1050,167,8,46,1.07,157.8,Ensolarado,0,39,38,1,1,4.5
1051,18,26,25,11.65,20.0,Chuvoso,0,81,69,1,12,3.5
1052,132,19,17,1.49,94.98,Ensolarado,0,40,39,1,1,4.6
1053,89,13,29,11.44,114.05,Nublado,1,89,69,1,20,2.4
1054,60,12,8,3.83,29.83,Ensolarado,0,41,46,0,0,4.9
1055,14,5,15,14.41,195.15,Ensolarado,1,84,78,1,6,3.9
1056,9,6,27,6.15,60.7,Ensolarado,0,47,53,0,0,4.6
1057,90,26,46,5.58,74.76,Ensolarado,1,58,51,1,7,4.1
1058,53,22,7,3.08,74.71,Ensolarado,0,38,44,0,0,5.0
1059,130,4,3,5.28,61.47,Ensolarado,1,64,50,1,14,3.0
1060,84,19,29,13.27,20.27,Ensolarado,0,68,74,0,0,4.8
1061,92,20,44,14.95,151.28,Ensolarado,0,71,79,0,0,4.6
1062,111,1,24,6.16,194.03,Chuvoso,0,72,53,1,19,2.6
1063,188,20,3,7.28,60.37,Chuvoso,0,73,56,1,17,2.9
1064,199,17,20,11.11,139.35,Ensolarado,1,79,68,1,11,3.6
1065,172,12,46,13.41,153.54,Nublado,0,93,75,1,18,2.8
1066,8,15,15,9.3,172.72,Ensolarado,0,69,62,1,7,4.1
1067,175,1,25,6.48,96.07,Nublado,1,67,54,1,13,3.1
1068,35,26,30,6.78,74.53,Nublado,0,55,55,0,0,4.9
1069,81,14,14,10.74,78.55,Chuvoso,1,100,67,1,33,1.0
1070,164,6,7,1.05,148.27,Ensolarado,1,56,38,1,18,2.8
1071,50,5,17,9.67,167.02,Nublado,0,62,64,0,0,4.9
1072,104,11,44,5.98,52.69,Ensolarado,1,62,52,1,10,3.5
1073,132,4,20,12.12,86.77,Chuvoso,0,89,71,1,18,2.6
1074,2,13,36,2.3,182.35,Ensolarado,0,49,41,1,8,3.7
1075,134,11,9,9.23,165.2,Nublado,0,72,62,1,10,3.6
1076,54,3,38,7.73,197.27,Nublado,0,53,58,0,0,4.9
1077,106,1,48,9.99,155.76,Nublado,1,86,64,1,22,2.2
1078,4,6,22,1.91,90.78,Ensolarado,1,46,40,1,6,4.2
1079,54,18,2,9.12,126.31,Chuvoso,0,89,62,1,27,1.4
1080,191,24,24,8.86,138.98,Ensolarado,0,54,61,0,0,4.9
1081,146,10,8,8.85,34.12,Nublado,1,72,61,1,11,3.4
1082,44,5,11,9.45,118.01,Ensolarado,0,59,63,0,0,4.9
1083,162,23,13,10.47,147.68,Ensolarado,0,64,66,0,0,4.7
1084,190,10,17,12.27,50.12,Ensolarado,0,69,71,0,0,4.6
1085,14,12,8,4.78,160.51,Ensolarado,1,56,49,1,7,3.9
1086,95,2,21,12.55,125.08,Ensolarado,0,73,72,1,1,4.7
1087,48,13,18,7.98,191.4,Ensolarado,1,72,58,1,14,2.9
1088,15,8,30,2.08,27.64,Ensolarado,1,62,41,1,21,2.2
1089,190,2,18,1.82,67.76,Nublado,0,34,40,0,0,4.9
1090,40,20,46,5.68,128.28,Chuvoso,0,73,52,1,21,2.4
1091,82,1,47,11.99,73.38,Ensolarado,1,85,70,1,15,2.9
1092,111,5,31,10.91,148.6,Ensolarado,0,71,67,1,4,4.2
1093,53,9,38,12.04,156.62,Ensolarado,1,101,71,1,30,1.3
1094,24,17,32,8.24,38.45,Ensolarado,1,79,59,1,20,2.5
1095,154,9,11,7.16,112.49,Nublado,1,77,56,1,21,2.1
1096,188,11,45,3.06,111.6,Nublado,1,54,44,1,10,3.8
1097,124,15,25,5.59,86.47,Ensolarado,1,60,51,1,9,3.8
1098,41,24,33,7.08,187.93,Ensolarado,1,57,56,1,1,4.9
1099,157,6,38,2.24,168.95,Ensolarado,0,41,41,0,0,4.7
1100,15,23,41,4.09,145.5,Nublado,0,42,47,0,0,5.0
1101,45,3,8,9.38,148.58,Chuvoso,0,85,63,1,22,2.1
1102,65,17,11,11.3,103.11,Ensolarado,1,79,68,1,11,3.7
1103,89,5,22,14.98,185.78,Ensolarado,0,80,79,1,1,4.6
1104,71,28,24,14.06,145.03,Chuvoso,1,103,77,1,26,1.5
1105,9,12,41,10.0,151.22,Chuvoso,0,66,65,1,1,4.7
1106,88,18,17,6.9,175.1,Ensolarado,1,62,55,1,7,4.0
1107,129,14,12,9.91,69.33,Ensolarado,0,72,64,1,8,3.9
1108,136,21,46,12.0,165.27,Ensolarado,1,79,71,1,8,3.9
1109,63,24,32,2.66,55.14,Ensolarado,0,41,42,0,0,4.7
1110,139,11,15,6.74,82.16,Ensolarado,0,49,55,0,0,4.9
1111,81,9,16,12.76,80.41,Ensolarado,0,71,73,0,0,4.7
1112,136,2,22,6.37,196.13,Ensolarado,1,64,54,1,10,3.7
1113,163,12,28,9.01,174.18,Ensolarado,0,57,62,0,0,4.9
1114,163,3,20,9.23,146.21,Nublado,0,65,62,1,3,4.5
1115,33,3,33,3.58,150.87,Ensolarado,1,59,45,1,14,3.1
1116,123,1,10,6.07,121.17,Ensolarado,1,67,53,1,14,3.1
1117,5,8,40,5.68,190.48,Ensolarado,1,64,52,1,12,3.3
1118,41,22,32,1.37,109.33,Ensolarado,0,34,39,0,0,4.9
1119,28,28,33,1.34,88.49,Chuvoso,0,50,39,1,11,3.7
1120,135,29,2,12.64,49.35,Ensolarado,1,86,72,1,14,3.0
1121,72,8,33,4.82,161.52,Ensolarado,0,55,49,1,6,4.0
1122,12,11,33,8.25,152.2,Nublado,1,87,59,1,28,1.6
1123,162,9,41,5.18,89.18,Ensolarado,0,60,50,1,10,3.6
1124,33,5,13,14.17,24.53,Chuvoso,0,74,77,0,0,4.8
1125,48,14,30,4.63,171.02,Ensolarado,0,42,48,0,0,4.7
1126,151,28,33,7.02,22.06,Ensolarado,0,53,56,0,0,4.7
1127,62,3,13,13.22,146.67,Ensolarado,0,77,74,1,3,4.3
1128,37,21,26,12.79,194.65,Ensolarado,0,71,73,0,0,4.7
1129,99,5,22,3.61,98.78,Nublado,1,59,45,1,14,3.2
1130,172,5,39,12.24,62.3,Nublado,0,81,71,1,10,3.5
1131,104,19,2,7.41,146.88,Ensolarado,1,71,57,1,14,3.1
1132,35,27,38,7.76,167.08,Ensolarado,1,60,58,1,2,4.7
1133,193,14,39,2.87,118.36,Nublado,0,43,43,0,0,4.8
1134,101,26,26,2.13,194.07,Chuvoso,0,63,41,1,22,2.0
1135,175,4,46,11.19,29.3,Ensolarado,1,83,68,1,15,2.8
1136,131,25,15,7.95,110.86,Ensolarado,1,67,58,1,9,3.9
1137,1,13,34,7.12,149.32,Ensolarado,1,61,56,1,5,4.1
1138,5,10,42,11.21,175.28,Chuvoso,1,97,68,1,29,1.2
1139,142,25,44,11.72,52.27,Ensolarado,1,72,70,1,2,4.7
1140,103,18,49,3.22,164.0,Ensolarado,0,45,44,1,1,4.7
1141,27,8,40,9.54,119.49,Nublado,0,60,63,0,0,4.7
1142,137,8,11,2.89,91.38,Ensolarado,1,61,43,1,18,2.7
1143,15,7,3,11.52,43.71,Ensolarado,0,77,69,1,8,4.0
1144,90,8,6,10.2,175.75,Ensolarado,1,73,65,1,8,3.8
1145,42,14,9,14.39,48.31,Ensolarado,0,82,78,1,4,4.2
1146,124,19,6,1.97,75.76,Ensolarado,0,26,40,0,0,4.7
1147,179,29,9,1.8,72.21,Ensolarado,1,54,40,1,14,3.0
1148,63,6,39,4.95,176.85,Ensolarado,0,42,49,0,0,4.9
1149,96,1,31,4.66,141.09,Ensolarado,0,52,48,1,4,4.4
1150,52,23,32,4.46,163.4,Nublado,0,37,48,0,0,4.7
1151,96,15,41,13.69,65.08,Nublado,1,102,76,1,26,1.7
1152,132,1,12,4.49,132.48,Ensolarado,0,45,48,0,0,4.7
1153,151,25,8,4.81,122.91,Ensolarado,1,59,49,1,10,3.8
1154,143,17,8,11.63,169.91,Ensolarado,0,76,69,1,7,4.0
1155,171,1,28,7.3,183.1,Ensolarado,1,66,56,1,10,3.6
1156,29,15,20,11.87,22.19,Ensolarado,1,72,70,1,2,4.4
1157,36,23,47,1.92,141.32,Nublado,0,52,40,1,12,3.5
1158,13,2,7,7.83,29.33,Ensolarado,0,41,58,0,0,5.0
1159,160,14,11,1.47,118.79,Ensolarado,0,33,39,0,0,4.9
1160,71,21,20,1.88,71.77,Ensolarado,1,47,40,1,7,3.8
1161,187,8,16,13.69,75.22,Nublado,0,76,76,0,0,4.9
1162,86,8,4,2.95,83.53,Ensolarado,1,45,43,1,2,4.7
1163,28,19,6,8.45,131.83,Nublado,0,76,60,1,16,3.0
1164,66,7,22,6.76,80.13,Ensolarado,0,61,55,1,6,4.0
1165,170,19,26,5.86,151.89,Chuvoso,0,58,52,1,6,4.3
1166,45,6,3,13.6,92.81,Chuvoso,0,83,75,1,8,3.9
1167,62,6,41,1.31,32.3,Ensolarado,0,31,38,0,0,4.9
1168,185,3,42,10.29,161.08,Ensolarado,1,75,65,1,10,3.6
1169,134,7,14,14.49,71.44,Ensolarado,1,83,78,1,5,4.1
1170,28,19,11,8.84,97.9,Ensolarado,0,56,61,0,0,4.8
1171,28,8,18,14.12,143.38,Nublado,1,86,77,1,9,3.5
1172,108,10,12,1.73,79.84,Nublado,1,53,40,1,13,3.1
1173,44,20,23,6.86,30.19,Nublado,1,84,55,1,29,1.4
1174,84,15,12,4.64,87.31,Nublado,0,52,48,1,4,4.2
1175,30,15,13,11.23,190.0,Ensolarado,0,73,68,1,5,4.1
1176,190,29,25,14.74,135.51,Ensolarado,0,69,79,0,0,4.6
1177,75,1,45,4.59,140.87,Nublado,1,72,48,1,24,1.9
1178,128,20,19,10.16,133.81,Ensolarado,0,69,65,1,4,4.3
1179,92,7,46,3.77,55.82,Nublado,0,48,46,1,2,4.6
1180,190,27,36,8.91,95.3,Ensolarado,0,54,61,0,0,4.7
1181,129,4,45,7.5,155.17,Ensolarado,0,50,57,0,0,4.9
1182,121,29,8,14.61,38.25,Chuvoso,1,93,78,1,15,3.1
1183,27,6,29,9.52,70.01,Ensolarado,0,52,63,0,0,4.9
1184,190,25,32,5.89,69.74,Chuvoso,0,50,52,0,0,4.9
1185,121,1,44,2.6,97.76,Chuvoso,1,77,42,1,35,1.0
1186,116,29,18,3.12,196.47,Nublado,1,50,44,1,6,4.2
1187,3,5,6,4.15,32.15,Nublado,1,71,47,1,24,2.0
1188,103,27,18,4.51,113.37,Ensolarado,1,68,48,1,20,2.2
1189,198,23,19,12.91,52.29,Chuvoso,1,110,73,1,37,1.0
1190,155,1,22,8.86,194.72,Ensolarado,0,65,61,1,4,4.2
1191,137,4,37,8.33,40.39,Ensolarado,0,55,59,0,0,5.0
1192,62,22,32,2.61,92.65,Nublado,1,57,42,1,15,3.1
1193,165,2,41,13.04,152.82,Ensolarado,1,89,74,1,15,2.9
1194,51,10,3,11.12,146.82,Ensolarado,1,76,68,1,8,3.7
1195,172,5,28,1.95,96.09,Ensolarado,0,27,40,0,0,4.8
1196,152,27,10,10.91,82.37,Ensolarado,0,63,67,0,0,4.6
1197,59,10,35,8.61,91.57,Chuvoso,0,78,60,1,18,2.5
1198,118,1,29,2.14,67.57,Ensolarado,0,44,41,1,3,4.3
1199,160,22,15,7.42,56.96,Chuvoso,0,57,57,0,0,4.8
1200,96,6,33,7.79,106.95,Nublado,1,95,58,1,37,1.0
1201,180,13,7,3.32,68.34,Nublado,0,47,44,1,3,4.4
1202,113,15,12,14.24,71.74,Ensolarado,0,76,77,0,0,4.7
1203,62,4,49,12.9,138.22,Nublado,0,73,73,0,0,4.9
1204,186,13,30,10.37,194.34,Ensolarado,1,77,66,1,11,3.4
1205,52,24,21,7.47,128.65,Nublado,0,66,57,1,9,3.9
1206,12,20,31,6.76,33.86,Ensolarado,0,69,55,1,14,3.1
1207,39,24,24,10.11,33.61,Chuvoso,0,88,65,1,23,2.1
1208,130,15,20,8.64,191.26,Chuvoso,0,80,60,1,20,2.3
1209,131,29,37,1.87,73.51,Ensolarado,1,64,40,1,24,2.0
1210,113,8,4,8.18,36.57,Ensolarado,1,71,59,1,12,3.2
1211,101,5,28,12.29,127.83,Nublado,0,79,71,1,8,3.8
1212,113,29,44,7.43,132.26,Ensolarado,0,61,57,1,4,4.2
1213,184,15,20,1.73,136.73,Chuvoso,1,71,40,1,31,1.0
1214,81,4,24,12.01,68.13,Ensolarado,0,64,71,0,0,4.7
1215,187,12,49,3.82,22.72,Ensolarado,0,50,46,1,4,4.1
1216,113,13,32,4.62,193.7,Chuvoso,0,76,48,1,28,1.6
1217,2,2,41,3.31,65.16,Nublado,1,65,44,1,21,2.3
1218,130,27,36,5.62,141.68,Nublado,0,58,51,1,7,4.1
1219,54,19,34,11.59,147.19,Ensolarado,0,75,69,1,6,4.2
1220,87,19,36,8.27,129.8,Nublado,1,76,59,1,17,2.6
1221,129,4,2,3.87,76.32,Ensolarado,0,47,46,1,1,4.9
1222,147,4,15,13.29,68.8,Nublado,0,83,74,1,9,3.7
1223,126,26,34,13.31,127.58,Nublado,1,96,74,1,22,2.1
1224,130,11,36,13.19,175.9,Ensolarado,0,83,74,1,9,3.7
1225,53,27,6,4.34,190.41,Ensolarado,1,64,48,1,16,2.9
1226,172,5,39,7.32,39.06,Ensolarado,0,58,56,1,2,4.4
1227,160,20,42,14.79,47.87,Nublado,0,87,79,1,8,4.0
1228,198,11,12,11.81,190.05,Ensolarado,0,64,70,0,0,4.9
1229,160,10,3,1.38,152.58,Nublado,0,41,39,1,2,4.5
1230,68,8,45,1.91,178.94,Ensolarado,0,43,40,1,3,4.4
1231,183,6,18,7.5,56.47,Nublado,1,70,57,1,13,3.3
1232,184,6,40,13.73,125.77,Nublado,0,92,76,1,16,2.7
1233,123,8,21,8.54,146.21,Ensolarado,0,70,60,1,10,3.6
1234,145,23,15,7.97,142.42,Ensolarado,0,75,58,1,17,2.8
1235,38,15,33,2.48,93.47,Ensolarado,1,53,42,1,11,3.7
1236,24,26,35,10.19,22.77,Nublado,0,62,65,0,0,4.8
1237,69,14,26,12.51,124.93,Nublado,0,73,72,1,1,4.6
1238,116,11,8,6.33,65.56,Ensolarado,0,55,53,1,2,4.7
1239,98,12,36,11.86,101.05,Nublado,0,68,70,0,0,4.9
1240,198,26,48,14.5,192.36,Ensolarado,0,84,78,1,6,4.0
1241,139,13,30,3.85,91.83,Ensolarado,1,61,46,1,15,3.1
1242,144,8,23,8.33,171.16,Chuvoso,0,75,59,1,16,3.0
1243,97,18,42,5.02,53.94,Ensolarado,0,57,50,1,7,3.9
1244,124,25,44,12.1,141.04,Ensolarado,0,64,71,0,0,4.9
1245,187,1,14,9.09,195.86,Ensolarado,1,73,62,1,11,3.3
1246,70,15,14,9.88,38.34,Ensolarado,0,61,64,0,0,5.0
1247,93,8,2,12.17,21.5,Ensolarado,0,78,71,1,7,3.9
1248,3,28,37,6.54,98.04,Ensolarado,0,48,54,0,0,4.8
1249,148,11,5,13.81,36.67,Nublado,0,97,76,1,21,2.1
1250,187,12,38,8.46,154.71,Ensolarado,0,65,60,1,5,4.3
1251,164,12,45,3.21,184.62,Ensolarado,0,36,44,0,0,4.7
1252,147,4,41,10.74,98.12,Ensolarado,0,68,67,1,1,4.7
1253,90,16,47,12.11,66.57,Ensolarado,0,78,71,1,7,4.0
1254,195,4,14,5.43,98.19,Nublado,0,56,51,1,5,4.2
1255,147,5,39,13.0,150.22,Chuvoso,0,82,74,1,8,3.8
1256,148,24,25,13.69,21.63,Ensolarado,0,73,76,0,0,4.6
1257,96,5,20,4.88,126.1,Chuvoso,1,70,49,1,21,2.4
1258,199,8,2,14.77,130.39,Ensolarado,1,96,79,1,17,3.0
1259,52,10,39,2.97,134.78,Ensolarado,1,47,43,1,4,4.2
1260,161,17,6,3.83,63.56,Ensolarado,1,43,46,0,0,5.0
1261,168,28,17,3.58,148.53,Ensolarado,1,65,45,1,20,2.2
1262,128,26,25,13.52,36.45,Ensolarado,1,92,75,1,17,2.7
1263,39,9,28,10.16,55.87,Nublado,0,72,65,1,7,3.9
1264,82,22,2,3.13,177.94,Ensolarado,1,48,44,1,4,4.4
1265,104,19,35,7.16,152.97,Chuvoso,0,60,56,1,4,4.4
1266,129,29,37,9.61,22.47,Ensolarado,0,50,63,0,0,4.7
1267,11,14,5,2.17,64.71,Ensolarado,1,66,41,1,25,1.6
1268,185,8,1,13.35,58.59,Nublado,0,72,75,0,0,4.6
1269,178,9,40,12.25,68.75,Ensolarado,0,74,71,1,3,4.6
1270,151,22,12,8.07,64.56,Ensolarado,1,68,59,1,9,3.9
1271,159,11,36,14.54,31.25,Nublado,0,81,78,1,3,4.6
1272,42,23,45,6.85,102.61,Chuvoso,0,80,55,1,25,1.7
1273,99,1,23,14.78,151.89,Nublado,1,98,79,1,19,2.6
1274,7,14,47,10.35,129.21,Nublado,1,90,66,1,24,2.1
1275,144,5,31,9.89,141.12,Nublado,0,64,64,0,0,4.9
1276,90,21,11,3.32,34.61,Chuvoso,0,68,44,1,24,2.0
1277,112,26,10,13.35,191.27,Ensolarado,0,74,75,0,0,4.6
1278,60,14,3,6.98,170.93,Ensolarado,1,71,55,1,16,2.9
1279,113,4,14,3.27,164.92,Ensolarado,0,39,44,0,0,4.9
1280,2,22,16,1.18,168.14,Ensolarado,0,42,38,1,4,4.4
1281,129,23,10,8.84,187.89,Nublado,0,54,61,0,0,4.9
1282,48,25,29,8.38,117.97,Nublado,0,77,60,1,17,3.0
1283,140,1,10,11.07,56.05,Ensolarado,1,92,68,1,24,2.1
1284,197,22,12,13.46,131.02,Ensolarado,0,71,75,0,0,4.7
1285,37,23,30,2.11,153.72,Nublado,1,44,41,1,3,4.6
1286,160,19,41,11.24,152.83,Ensolarado,0,69,68,1,1,4.8
1287,9,8,1,3.62,113.86,Nublado,1,64,45,1,19,2.6
1288,99,15,5,13.01,32.32,Ensolarado,1,87,74,1,13,3.1
1289,147,21,20,12.47,86.8,Ensolarado,0,73,72,1,1,4.6
1290,48,15,8,8.57,185.74,Ensolarado,0,72,60,1,12,3.3
1291,131,9,43,10.94,125.2,Ensolarado,0,57,67,0,0,4.8
1292,148,21,12,5.4,116.9,Nublado,1,67,51,1,16,2.8
1293,152,9,1,7.6,68.39,Chuvoso,0,64,57,1,7,4.2
1294,54,10,20,12.5,86.32,Nublado,1,85,72,1,13,3.1
1295,120,20,28,7.43,181.16,Ensolarado,1,80,57,1,23,2.2
1296,161,25,43,6.01,139.96,Ensolarado,1,63,53,1,10,3.6
1297,152,21,37,7.92,161.73,Nublado,1,68,58,1,10,3.5
1298,116,26,47,12.6,101.78,Nublado,0,67,72,0,0,4.8
1299,75,9,37,5.69,133.44,Ensolarado,0,44,52,0,0,4.6
1300,113,3,12,3.43,64.71,Ensolarado,0,45,45,0,0,4.8
1301,164,20,37,10.97,146.98,Nublado,1,77,67,1,10,3.5
1302,166,25,49,12.56,96.97,Ensolarado,1,89,72,1,17,2.6
1303,104,26,49,2.41,99.66,Ensolarado,1,42,42,0,0,4.6
1304,84,11,44,4.36,136.88,Ensolarado,0,60,48,1,12,3.2
1305,112,6,28,2.99,188.53,Ensolarado,0,46,43,1,3,4.3
1306,99,2,47,5.87,31.52,Chuvoso,1,84,52,1,32,1.0
1307,153,7,15,7.3,168.45,Chuvoso,0,75,56,1,19,2.6
1308,93,18,6,11.48,72.63,Ensolarado,0,75,69,1,6,4.2
1309,146,27,44,10.12,99.91,Ensolarado,1,81,65,1,16,2.8
1310,128,2,20,9.69,23.94,Ensolarado,0,61,64,0,0,4.6
1311,110,27,14,5.93,74.19,Ensolarado,0,61,52,1,9,3.6
1312,82,17,2,12.78,110.47,Ensolarado,0,78,73,1,5,4.0
1313,194,11,9,7.6,30.11,Nublado,0,59,57,1,2,4.4
1314,54,27,37,14.71,108.4,Ensolarado,1,79,79,0,0,4.9
1315,163,12,20,9.88,186.88,Ensolarado,0,67,64,1,3,4.5
1316,189,27,26,2.77,38.97,Ensolarado,0,48,43,1,5,4.3
1317,169,19,29,10.47,157.6,Ensolarado,0,68,66,1,2,4.7
1318,161,22,1,5.55,93.74,Ensolarado,1,69,51,1,18,2.6
1319,68,24,35,10.61,137.93,Ensolarado,0,73,66,1,7,3.8
1320,33,25,6,1.97,66.84,Chuvoso,0,62,40,1,22,2.1
1321,142,7,37,3.45,48.71,Ensolarado,0,48,45,1,3,4.5
1322,21,20,5,12.98,48.88,Ensolarado,0,64,73,0,0,5.0
1323,48,6,33,4.18,32.69,Chuvoso,0,50,47,1,3,4.5
1324,148,21,49,12.72,53.42,Chuvoso,1,87,73,1,14,3.1
1325,128,24,14,4.91,139.56,Ensolarado,1,78,49,1,29,1.4
1326,136,1,12,10.0,178.7,Nublado,0,65,65,0,0,5.0
1327,135,17,42,10.72,166.54,Ensolarado,0,67,67,0,0,4.8
1328,195,29,20,8.18,143.32,Ensolarado,1,61,59,1,2,4.7
1329,145,11,24,5.27,39.88,Ensolarado,0,45,50,0,0,4.6
1330,128,22,43,3.98,72.05,Nublado,1,61,46,1,15,3.2
1331,33,26,34,1.46,75.77,Nublado,0,50,39,1,11,3.7
1332,176,28,25,5.26,64.99,Ensolarado,1,70,50,1,20,2.6
1333,187,18,29,10.14,112.7,Ensolarado,1,72,65,1,7,4.0
1334,115,21,39,14.14,116.4,Nublado,1,87,77,1,10,3.5
1335,119,17,31,13.2,84.24,Ensolarado,1,92,74,1,18,2.5
1336,22,7,47,11.72,83.68,Ensolarado,0,65,70,0,0,4.8
1337,158,17,43,12.04,169.14,Nublado,1,84,71,1,13,3.2
1338,38,20,23,10.31,162.07,Nublado,0,69,65,1,4,4.4
1339,109,9,44,4.64,75.4,Nublado,0,48,48,0,0,4.7
1340,51,17,38,13.7,184.48,Chuvoso,1,95,76,1,19,2.7
1341,182,20,20,10.39,191.51,Ensolarado,1,74,66,1,8,3.9
1342,8,22,23,8.85,78.81,Nublado,1,86,61,1,25,1.7
1343,27,22,45,2.55,83.8,Nublado,0,54,42,1,12,3.2
1344,27,28,16,7.26,111.01,Ensolarado,1,69,56,1,13,3.2
1345,21,29,42,7.45,189.4,Ensolarado,1,58,57,1,1,4.8
1346,30,8,8,13.1,177.74,Ensolarado,0,83,74,1,9,3.8
1347,97,17,21,8.65,38.46,Ensolarado,0,60,60,0,0,4.6
1348,28,7,1,6.33,90.69,Nublado,0,63,53,1,10,3.8
1349,111,1,8,14.68,119.61,Nublado,0,78,79,0,0,4.9
1350,192,13,29,2.55,110.56,Ensolarado,1,65,42,1,23,2.2
1351,197,23,32,6.92,54.9,Ensolarado,1,62,55,1,7,4.0
1352,61,19,38,1.59,174.59,Chuvoso,1,66,39,1,27,1.7
1353,48,27,5,11.36,141.85,Ensolarado,1,82,69,1,13,3.2
1354,147,24,47,13.85,170.82,Ensolarado,0,75,76,0,0,4.8
1355,4,19,22,4.92,174.58,Ensolarado,1,57,49,1,8,3.7
1356,35,29,47,13.02,154.7,Ensolarado,0,73,74,0,0,5.0
1357,192,17,34,5.09,99.06,Ensolarado,1,52,50,1,2,4.6
1358,49,13,1,13.75,129.9,Ensolarado,0,85,76,1,9,3.7
1359,17,29,26,11.56,48.87,Ensolarado,1,85,69,1,16,2.8
1360,172,16,43,12.27,141.26,Ensolarado,0,78,71,1,7,4.0
1361,158,8,10,1.25,52.27,Ensolarado,0,35,38,0,0,4.7
1362,46,19,30,14.48,144.91,Ensolarado,1,83,78,1,5,4.4
1363,117,18,18,11.17,61.33,Nublado,0,71,68,1,3,4.3
1364,6,1,17,5.27,41.16,Nublado,1,66,50,1,16,2.9
1365,99,14,26,12.61,49.75,Ensolarado,0,74,72,1,2,4.7
1366,124,19,8,4.94,20.36,Ensolarado,1,68,49,1,19,2.4
1367,37,15,47,13.22,149.37,Nublado,0,81,74,1,7,3.9
1368,24,18,40,2.58,151.83,Ensolarado,0,34,42,0,0,4.9
1369,93,2,49,10.85,112.69,Ensolarado,0,63,67,0,0,5.0
1370,46,22,12,8.57,49.05,Nublado,0,65,60,1,5,4.3
1371,181,28,27,2.35,35.04,Chuvoso,0,59,42,1,17,2.7
1372,95,17,8,4.39,23.44,Nublado,0,46,48,0,0,4.9
1373,99,18,25,1.17,49.83,Ensolarado,0,37,38,0,0,4.9
1374,188,6,46,7.56,180.35,Nublado,0,66,57,1,9,3.9
1375,116,19,4,5.22,63.48,Ensolarado,0,60,50,1,10,3.5
1376,191,4,33,9.38,83.77,Nublado,1,88,63,1,25,1.7
1377,160,1,1,5.16,38.96,Ensolarado,0,58,50,1,8,3.7
1378,161,8,19,5.2,60.03,Ensolarado,0,62,50,1,12,3.5
1379,67,29,31,11.4,113.46,Nublado,1,85,69,1,16,2.7
1380,128,23,16,1.67,129.4,Ensolarado,0,55,40,1,15,2.9
1381,18,7,14,13.64,64.16,Ensolarado,1,87,75,1,12,3.2
1382,25,3,48,12.93,30.39,Chuvoso,0,83,73,1,10,3.6
1383,54,10,5,10.35,90.39,Ensolarado,0,64,66,0,0,4.8
1384,58,10,41,9.31,62.16,Ensolarado,0,71,62,1,9,3.6
1385,67,19,26,13.49,59.52,Ensolarado,1,84,75,1,9,3.9
1386,104,14,28,3.59,192.78,Nublado,1,64,45,1,19,2.5
1387,174,2,2,2.11,130.93,Nublado,0,53,41,1,12,3.2
1388,24,28,6,4.35,120.24,Ensolarado,0,38,48,0,0,4.7
1389,114,1,9,12.12,94.84,Nublado,1,77,71,1,6,3.9
1390,32,23,33,1.49,97.21,Ensolarado,0,49,39,1,10,3.5
1391,175,23,41,9.16,117.36,Nublado,0,60,62,0,0,4.9
1392,86,28,25,14.94,145.36,Ensolarado,1,86,79,1,7,4.2
1393,151,18,48,12.98,146.39,Ensolarado,1,95,73,1,22,2.2
1394,194,7,13,8.3,50.9,Chuvoso,0,91,59,1,32,1.0
1395,127,29,9,1.89,110.02,Ensolarado,1,63,40,1,23,2.1
1396,155,8,13,12.64,94.15,Ensolarado,1,81,72,1,9,3.9
1397,130,1,31,9.39,176.69,Ensolarado,0,58,63,0,0,4.8
1398,17,25,41,2.61,133.66,Chuvoso,0,49,42,1,7,3.9
1399,104,23,11,2.31,115.85,Ensolarado,0,33,41,0,0,4.6
1400,161,3,4,13.73,40.77,Ensolarado,1,80,76,1,4,4.2
1401,137,24,34,10.37,129.01,Ensolarado,1,85,66,1,19,2.4
1402,43,23,38,12.61,41.1,Ensolarado,0,71,72,0,0,4.8
1403,176,27,46,13.31,80.7,Ensolarado,1,89,74,1,15,2.8
1404,39,29,4,9.0,45.71,Nublado,0,66,62,1,4,4.3
1405,170,8,38,8.24,144.57,Chuvoso,0,67,59,1,8,3.7
1406,26,22,19,7.03,57.13,Ensolarado,0,46,56,0,0,4.6
1407,99,25,6,5.44,90.53,Ensolarado,0,53,51,1,2,4.4
1408,50,15,34,7.08,181.22,Ensolarado,1,78,56,1,22,2.2
1409,153,5,18,11.83,56.78,Ensolarado,0,64,70,0,0,5.0
1410,152,3,13,9.43,111.4,Chuvoso,1,97,63,1,34,1.0
1411,13,19,41,13.5,95.47,Ensolarado,0,74,75,0,0,5.0
1412,60,1,23,7.21,23.26,Ensolarado,0,70,56,1,14,3.3
1413,135,28,19,9.5,162.7,Nublado,1,76,63,1,13,3.4
1414,57,15,45,9.84,32.43,Ensolarado,0,55,64,0,0,4.9
1415,36,8,11,9.28,105.37,Nublado,0,75,62,1,13,3.2
1416,173,2,1,10.84,120.92,Ensolarado,0,54,67,0,0,4.7
1417,20,3,24,4.32,133.12,Nublado,1,61,47,1,14,3.2
1418,65,24,7,8.17,143.95,Chuvoso,0,60,59,1,1,4.6
1419,8,14,25,2.46,65.59,Nublado,0,41,42,0,0,4.7
1420,144,24,21,6.38,21.8,Chuvoso,0,59,54,1,5,4.2
1421,142,14,15,7.83,150.22,Ensolarado,0,56,58,0,0,4.6
1422,115,11,1,10.13,116.42,Ensolarado,1,80,65,1,15,3.2
1423,143,16,12,14.31,170.5,Nublado,0,88,77,1,11,3.6
1424,92,4,7,9.41,167.85,Ensolarado,0,61,63,0,0,4.8
1425,98,20,15,11.41,171.8,Ensolarado,0,62,69,0,0,4.9
1426,66,5,21,8.09,107.32,Ensolarado,0,68,59,1,9,3.7
1427,32,22,19,9.88,80.05,Ensolarado,1,76,64,1,12,3.4
1428,191,21,29,1.99,162.48,Ensolarado,0,44,40,1,4,4.4
1429,86,14,25,4.56,101.23,Ensolarado,1,59,48,1,11,3.6
1430,51,23,33,6.07,53.02,Nublado,0,49,53,0,0,4.9
1431,153,16,49,7.61,173.9,Ensolarado,0,57,57,0,0,4.8
1432,186,18,32,1.64,178.86,Ensolarado,1,39,39,0,0,4.8
1433,63,7,49,2.96,103.94,Ensolarado,0,47,43,1,4,4.5
1434,190,10,35,4.88,33.63,Ensolarado,1,61,49,1,12,3.5
1435,125,7,44,14.6,89.81,Chuvoso,1,97,78,1,19,2.7
1436,150,1,38,5.64,164.64,Ensolarado,0,53,51,1,2,4.8
1437,58,23,26,7.75,182.32,Ensolarado,0,63,58,1,5,4.0
1438,58,21,11,3.75,56.63,Nublado,1,68,46,1,22,2.3
1439,86,19,35,9.55,32.06,Ensolarado,0,69,63,1,6,4.0
1440,49,16,8,4.93,177.92,Ensolarado,0,56,49,1,7,3.8
1441,180,29,46,3.9,90.09,Ensolarado,0,42,46,0,0,5.0
1442,170,19,14,8.23,117.52,Chuvoso,0,74,59,1,15,3.0
1443,70,4,10,1.08,194.25,Ensolarado,1,52,38,1,14,2.9
1444,15,29,2,1.11,31.98,Ensolarado,0,34,38,0,0,4.7
1445,54,28,46,4.07,136.7,Ensolarado,0,39,47,0,0,4.8
1446,188,18,9,1.51,33.34,Ensolarado,1,46,39,1,7,3.9
1447,101,2,3,2.51,87.58,Ensolarado,0,38,42,0,0,4.7
1448,8,1,21,5.74,164.69,Ensolarado,0,42,52,0,0,4.9
1449,53,15,26,12.24,98.03,Ensolarado,1,92,71,1,21,2.1
1450,60,5,8,9.01,199.49,Chuvoso,0,66,62,1,4,4.3
1451,108,20,48,8.18,120.63,Nublado,1,82,59,1,23,2.0
1452,5,11,2,5.11,77.81,Ensolarado,1,64,50,1,14,2.9
1453,103,10,6,14.04,59.62,Nublado,0,89,77,1,12,3.2
1454,196,2,28,6.56,83.09,Ensolarado,0,40,54,0,0,4.9
1455,6,3,29,2.22,87.06,Ensolarado,0,35,41,0,0,5.0
1456,109,23,26,9.64,32.37,Nublado,0,63,63,0,0,4.7
1457,116,23,25,2.59,86.52,Nublado,1,52,42,1,10,3.5
1458,94,12,12,5.83,103.56,Nublado,1,64,52,1,12,3.3
1459,47,20,5,8.1,150.09,Ensolarado,0,51,59,0,0,4.6
1460,99,5,34,13.24,138.21,Chuvoso,1,106,74,1,32,1.0
1461,55,5,48,7.91,147.58,Ensolarado,1,84,58,1,26,1.7
1462,168,6,37,10.83,21.51,Chuvoso,1,92,67,1,25,2.0
1463,52,9,15,14.9,59.18,Chuvoso,0,98,79,1,19,2.5
1464,144,2,44,2.84,139.1,Ensolarado,0,36,43,0,0,4.7
1465,13,21,36,4.85,107.12,Nublado,0,59,49,1,10,3.6
1466,114,12,15,6.52,20.96,Ensolarado,1,63,54,1,9,3.7
1467,124,3,43,6.91,164.81,Ensolarado,0,65,55,1,10,3.6
1468,106,20,48,6.75,159.11,Ensolarado,0,50,55,0,0,4.9
1469,158,26,23,13.71,118.72,Ensolarado,0,71,76,0,0,4.9
1470,147,22,6,11.0,31.96,Chuvoso,0,79,68,1,11,3.5
1471,145,12,46,9.51,157.97,Nublado,0,54,63,0,0,4.9
1472,120,24,44,5.33,125.07,Ensolarado,1,61,50,1,11,3.5
1473,63,17,43,12.53,160.75,Nublado,0,85,72,1,13,3.3
1474,19,10,45,14.37,155.31,Chuvoso,0,89,78,1,11,3.4
1475,92,24,21,12.5,164.54,Ensolarado,0,74,72,1,2,4.7
1476,58,27,23,1.02,113.24,Chuvoso,0,57,38,1,19,2.4
1477,183,14,43,9.91,45.26,Ensolarado,0,68,64,1,4,4.3
1478,90,23,16,1.72,140.81,Nublado,0,45,40,1,5,4.1
1479,117,17,47,4.61,131.69,Ensolarado,0,45,48,0,0,4.7
1480,62,18,15,1.83,153.61,Ensolarado,0,30,40,0,0,4.9
1481,23,19,25,9.45,50.58,Ensolarado,0,63,63,0,0,4.8
1482,127,17,36,10.61,55.1,Nublado,0,67,66,1,1,4.5
1483,137,14,11,2.6,180.27,Ensolarado,1,58,42,1,16,2.8
1484,140,9,15,6.37,155.0,Ensolarado,1,54,54,0,0,4.6
1485,129,8,4,7.39,183.48,Ensolarado,0,62,57,1,5,4.1
1486,58,2,21,6.17,156.57,Chuvoso,0,74,53,1,21,2.4
1487,122,13,13,2.69,127.49,Ensolarado,1,53,43,1,10,3.8
1488,1,25,22,6.87,137.74,Ensolarado,0,64,55,1,9,3.7
1489,34,7,19,11.52,180.04,Ensolarado,1,90,69,1,21,2.3
1490,96,9,34,1.99,124.19,Ensolarado,1,60,40,1,20,2.5
1491,126,22,14,2.12,133.83,Nublado,0,36,41,0,0,4.7
1492,118,22,4,5.97,48.17,Nublado,0,65,52,1,13,3.3
1493,48,11,48,14.18,105.31,Ensolarado,1,91,77,1,14,3.2
1494,89,14,46,10.36,148.95,Ensolarado,0,67,66,1,1,4.5
1495,117,4,27,10.5,68.77,Nublado,0,81,66,1,15,2.9
1496,129,26,29,6.07,56.41,Ensolarado,0,53,53,0,0,4.9
1497,16,26,47,9.31,76.49,Nublado,0,72,62,1,10,3.5
1498,189,29,28,1.14,63.47,Nublado,1,64,38,1,26,1.5
1499,192,13,35,9.91,58.68,Nublado,1,72,64,1,8,3.9
1500,191,2,8,13.79,96.47,Ensolarado,1,97,76,1,21,2.5
1501,69,23,16,9.58,183.41,Ensolarado,0,63,63,0,0,5.0
1502,22,5,42,13.23,111.27,Chuvoso,0,90,74,1,16,2.9
1503,93,11,36,11.14,53.83,Ensolarado,0,73,68,1,5,4.3
1504,195,6,30,2.69,33.85,Nublado,0,36,43,0,0,4.6
1505,76,18,18,13.63,145.31,Ensolarado,0,83,75,1,8,3.7
1506,154,21,2,1.93,88.9,Nublado,1,64,40,1,24,1.8
1507,144,10,49,8.48,167.93,Ensolarado,1,75,60,1,15,2.8
1508,179,4,13,2.99,138.71,Ensolarado,0,54,43,1,11,3.3
1509,86,9,4,1.16,163.32,Ensolarado,1,36,38,0,0,4.9
1510,185,6,26,6.91,68.95,Nublado,0,64,55,1,9,3.9
1511,29,2,25,5.13,144.62,Nublado,0,60,50,1,10,3.5
1512,69,17,30,7.8,67.53,Ensolarado,1,77,58,1,19,2.6
1513,47,5,11,9.08,189.03,Ensolarado,0,50,62,0,0,4.8
1514,94,25,7,1.61,134.55,Nublado,1,51,39,1,12,3.3
1515,190,6,31,2.72,78.41,Ensolarado,1,56,43,1,13,3.1
1516,197,26,44,8.82,68.51,Ensolarado,0,66,61,1,5,4.2
1517,144,12,10,5.8,54.37,Ensolarado,1,66,52,1,14,3.0
1518,176,23,39,11.21,145.04,Ensolarado,0,68,68,0,0,4.9
1519,85,21,13,10.13,59.37,Ensolarado,0,51,65,0,0,4.7
1520,39,10,31,12.84,127.15,Ensolarado,0,72,73,0,0,5.0
1521,100,22,7,10.69,67.63,Ensolarado,0,64,67,0,0,4.7
1522,33,21,49,7.02,139.15,Ensolarado,1,71,56,1,15,3.2
1523,101,27,42,10.42,166.69,Ensolarado,0,58,66,0,0,4.7
1524,23,25,42,4.86,160.04,Ensolarado,1,65,49,1,16,3.1
1525,10,6,36,5.29,156.95,Ensolarado,0,42,50,0,0,4.9
1526,69,27,20,12.05,53.79,Nublado,0,70,71,0,0,4.8
1527,100,8,4,7.25,35.91,Ensolarado,1,67,56,1,11,3.5
1528,34,2,7,12.18,145.81,Ensolarado,0,63,71,0,0,4.9
1529,180,12,1,12.51,86.3,Ensolarado,0,67,72,0,0,4.9
1530,138,13,44,13.01,97.82,Ensolarado,0,73,74,0,0,4.7
1531,147,25,45,13.83,25.61,Ensolarado,0,63,76,0,0,4.7
1532,186,21,42,7.03,66.72,Ensolarado,0,49,56,0,0,5.0
1533,96,7,47,5.46,26.06,Chuvoso,1,81,51,1,30,1.1
1534,1,10,13,9.15,178.25,Ensolarado,0,60,62,0,0,5.0
1535,69,13,22,6.2,63.81,Chuvoso,0,59,53,1,6,4.1
1536,4,17,21,9.42,120.32,Ensolarado,1,85,63,1,22,2.3
1537,16,26,22,10.88,27.02,Ensolarado,0,63,67,0,0,4.8
1538,24,21,28,10.64,140.03,Ensolarado,1,77,66,1,11,3.6
1539,80,28,9,6.24,78.14,Ensolarado,0,52,53,0,0,4.6
1540,2,26,26,3.34,181.63,Ensolarado,0,43,45,0,0,4.9
1541,128,14,9,7.03,179.86,Nublado,1,77,56,1,21,2.4
1542,160,2,15,3.0,78.55,Ensolarado,0,37,44,0,0,4.9
1543,84,28,10,13.46,182.17,Chuvoso,1,105,75,1,30,1.0
1544,152,22,24,5.84,199.31,Nublado,0,61,52,1,9,3.7
1545,140,11,42,3.16,168.57,Ensolarado,0,29,44,0,0,4.7
1546,178,1,8,1.36,172.08,Ensolarado,0,34,39,0,0,4.6
1547,163,19,24,10.04,64.82,Ensolarado,0,56,65,0,0,4.6
1548,124,21,16,9.92,123.81,Ensolarado,1,84,64,1,20,2.3
1549,33,4,49,5.77,32.11,Ensolarado,0,49,52,0,0,4.9
1550,161,19,26,2.0,37.09,Ensolarado,1,56,41,1,15,2.9
1551,189,26,27,6.73,199.8,Ensolarado,1,59,55,1,4,4.4
1552,179,29,37,5.36,78.8,Ensolarado,0,46,51,0,0,4.7
1553,171,21,4,10.48,154.67,Chuvoso,0,65,66,0,0,4.7
1554,101,11,24,9.48,165.2,Nublado,1,88,63,1,25,1.7
1555,12,8,19,6.1,174.44,Chuvoso,1,69,53,1,16,2.9
1556,67,11,36,4.05,199.57,Ensolarado,0,48,47,1,1,4.6
1557,65,4,39,14.83,63.47,Ensolarado,0,85,79,1,6,3.9
1558,161,17,10,7.36,27.26,Ensolarado,0,62,57,1,5,4.4
1559,168,27,25,10.64,94.01,Ensolarado,1,65,66,0,0,4.9
1560,74,7,18,2.97,43.41,Ensolarado,0,44,43,1,1,4.6
1561,43,8,19,7.8,24.04,Nublado,1,70,58,1,12,3.2
1562,44,3,36,1.39,84.88,Nublado,0,51,39,1,12,3.5
1563,29,22,10,8.08,161.07,Ensolarado,0,65,59,1,6,4.3
1564,141,2,33,14.5,121.91,Ensolarado,0,83,78,1,5,4.4
1565,12,23,5,6.38,76.3,Ensolarado,0,52,54,0,0,5.0
1566,95,15,47,1.55,137.78,Ensolarado,0,40,39,1,1,4.5
1567,46,24,49,1.43,61.76,Ensolarado,0,33,39,0,0,4.7
1568,130,22,35,6.43,22.59,Ensolarado,0,49,54,0,0,4.7
1569,35,22,44,3.24,157.58,Ensolarado,0,55,44,1,11,3.5
1570,81,5,34,1.33,132.27,Chuvoso,0,53,38,1,15,2.9
1571,90,24,33,11.59,157.21,Ensolarado,1,82,69,1,13,3.4
1572,8,1,21,7.42,27.01,Nublado,0,67,57,1,10,3.6
1573,93,26,17,5.05,170.68,Ensolarado,0,47,50,0,0,4.8
1574,154,4,22,13.6,131.51,Ensolarado,0,75,75,0,0,5.0
1575,90,15,48,2.63,121.41,Ensolarado,1,41,42,0,0,4.8
1576,162,20,37,14.38,132.43,Ensolarado,0,86,78,1,8,3.9
1577,115,19,15,5.4,175.6,Ensolarado,1,60,51,1,9,3.9
1578,105,3,35,13.44,125.65,Nublado,1,99,75,1,24,2.1
1579,135,20,28,9.44,124.57,Nublado,1,72,63,1,9,3.6
1580,196,11,7,12.57,198.32,Ensolarado,0,63,72,0,0,5.0
1581,58,17,32,14.78,156.21,Ensolarado,1,95,79,1,16,2.7
1582,114,27,11,5.04,99.61,Chuvoso,0,84,50,1,34,1.0
1583,75,13,10,14.46,147.33,Ensolarado,0,75,78,0,0,4.7
1584,157,11,9,6.45,90.06,Ensolarado,1,64,54,1,10,3.4
1585,120,2,14,6.4,61.2,Ensolarado,0,36,54,0,0,4.6
1586,164,9,13,5.77,127.43,Nublado,1,71,52,1,19,2.4
1587,21,26,25,8.58,187.07,Chuvoso,0,70,60,1,10,3.7
1588,164,2,2,3.16,187.25,Ensolarado,1,51,44,1,7,4.0
1589,138,21,35,8.75,81.54,Chuvoso,0,78,61,1,17,2.8
1590,101,9,7,8.58,114.98,Nublado,0,62,60,1,2,4.7
1591,152,9,21,11.67,58.09,Ensolarado,0,74,70,1,4,4.5
1592,192,8,18,12.67,199.21,Ensolarado,1,84,73,1,11,3.3
1593,177,17,3,7.17,196.6,Ensolarado,0,47,56,0,0,4.8
1594,99,1,42,5.23,136.91,Chuvoso,0,71,50,1,21,2.2
1595,36,25,39,4.63,164.79,Ensolarado,0,47,48,0,0,4.6
1596,96,29,41,3.72,148.72,Nublado,1,65,46,1,19,2.5
1597,152,11,49,1.81,126.77,Ensolarado,0,33,40,0,0,4.7
1598,151,8,11,5.79,29.6,Nublado,0,58,52,1,6,4.0
1599,190,10,39,4.78,101.86,Ensolarado,0,52,49,1,3,4.6
1600,37,25,24,14.53,141.46,Ensolarado,0,94,78,1,16,2.9
1601,12,7,46,8.81,141.96,Nublado,0,65,61,1,4,4.1
1602,113,3,19,5.86,87.16,Nublado,0,52,52,0,0,4.6
1603,183,3,4,9.13,189.5,Chuvoso,1,86,62,1,24,1.8
1604,13,18,26,2.95,50.12,Ensolarado,0,42,43,0,0,4.8
1605,23,5,38,7.22,110.06,Nublado,0,65,56,1,9,3.6
1606,99,12,42,9.77,144.36,Ensolarado,0,69,64,1,5,4.4
1607,105,12,32,7.84,145.48,Ensolarado,1,76,58,1,18,2.8
1608,30,19,39,6.62,136.76,Ensolarado,1,71,54,1,17,2.8
1609,17,6,45,14.91,69.55,Ensolarado,1,83,79,1,4,4.3
1610,113,2,46,13.32,48.12,Ensolarado,0,76,74,1,2,4.7
1611,62,12,36,9.73,134.47,Chuvoso,0,84,64,1,20,2.5
1612,84,19,40,8.97,127.87,Ensolarado,0,59,61,0,0,4.9
1613,112,5,37,9.69,52.28,Nublado,0,63,64,0,0,4.8
1614,86,12,33,3.82,146.93,Ensolarado,0,38,46,0,0,4.7
1615,141,27,36,6.53,101.93,Ensolarado,1,57,54,1,3,4.4
1616,187,27,3,1.55,140.2,Ensolarado,1,54,39,1,15,3.2
1617,19,17,9,7.66,170.73,Chuvoso,1,76,57,1,19,2.5
1618,177,29,8,8.6,50.55,Chuvoso,0,81,60,1,21,2.2
1619,100,17,33,4.19,23.45,Chuvoso,1,83,47,1,36,1.0
1620,140,10,6,14.5,160.24,Chuvoso,0,96,78,1,18,2.7
1621,189,25,41,13.73,129.75,Ensolarado,0,75,76,0,0,4.8
1622,147,23,39,11.11,145.94,Ensolarado,1,71,68,1,3,4.3
1623,76,17,4,8.47,170.87,Nublado,0,75,60,1,15,3.2
1624,9,15,13,13.18,164.51,Ensolarado,0,83,74,1,9,3.8
1625,199,12,49,2.83,192.97,Ensolarado,0,43,43,0,0,4.8
1626,28,16,2,12.07,116.47,Ensolarado,1,83,71,1,12,3.3
1627,128,24,5,2.75,107.93,Ensolarado,1,46,43,1,3,4.6
1628,52,19,44,12.12,92.34,Ensolarado,0,68,71,0,0,4.9
1629,83,8,27,4.86,47.66,Ensolarado,1,58,49,1,9,3.8
1630,111,21,32,13.28,123.07,Ensolarado,0,74,74,0,0,4.6
1631,144,17,21,14.22,69.86,Ensolarado,0,68,77,0,0,4.7
1632,117,23,8,3.08,185.84,Ensolarado,1,50,44,1,6,4.0
1633,69,5,38,7.48,124.97,Ensolarado,1,74,57,1,17,2.6
1634,99,22,8,14.73,126.71,Nublado,1,91,79,1,12,3.5
1635,140,16,3,7.77,83.89,Ensolarado,0,59,58,1,1,4.5
1636,25,6,44,13.09,29.36,Ensolarado,1,86,74,1,12,3.3
1637,180,8,3,9.24,25.71,Nublado,1,71,62,1,9,3.8
1638,123,25,22,6.25,96.2,Ensolarado,1,63,53,1,10,3.5
1639,53,18,6,5.0,35.22,Ensolarado,0,52,50,1,2,4.4
1640,151,25,2,3.85,129.23,Nublado,1,56,46,1,10,3.5
1641,144,12,23,11.67,178.58,Ensolarado,0,71,70,1,1,4.8
1642,57,15,44,6.41,178.92,Nublado,0,63,54,1,9,3.5
1643,39,27,2,8.16,138.63,Nublado,0,57,59,0,0,4.6
1644,109,26,38,7.89,58.02,Nublado,0,64,58,1,6,4.1
1645,181,9,17,9.08,175.34,Ensolarado,0,70,62,1,8,4.0
1646,42,13,35,13.12,179.5,Ensolarado,1,93,74,1,19,2.7
1647,186,26,34,14.73,55.4,Ensolarado,0,74,79,0,0,4.6
1648,167,15,23,6.71,152.74,Ensolarado,1,68,55,1,13,3.2
1649,142,10,30,12.59,71.57,Ensolarado,0,64,72,0,0,4.9
1650,122,16,8,11.7,164.48,Ensolarado,0,73,70,1,3,4.5
1651,133,7,22,9.03,199.5,Ensolarado,0,65,62,1,3,4.5
1652,163,17,44,14.38,25.4,Ensolarado,0,79,78,1,1,4.6
1653,75,23,36,3.81,181.53,Ensolarado,0,39,46,0,0,4.8
1654,146,26,5,2.53,132.07,Ensolarado,0,42,42,0,0,4.6
1655,76,21,13,12.96,195.21,Nublado,0,77,73,1,4,4.2
1656,9,22,29,7.15,103.7,Ensolarado,0,61,56,1,5,4.1
1657,74,26,31,12.86,172.53,Ensolarado,0,80,73,1,7,4.0
1658,186,7,47,13.5,31.23,Chuvoso,0,89,75,1,14,3.3
1659,145,14,16,1.87,80.35,Ensolarado,0,45,40,1,5,4.2
1660,7,15,42,13.37,32.06,Ensolarado,1,76,75,1,1,4.8
1661,174,21,30,7.28,195.56,Ensolarado,1,75,56,1,19,2.6
1662,141,7,16,8.15,167.06,Nublado,1,75,59,1,16,2.7
1663,168,9,12,9.77,173.46,Ensolarado,0,53,64,0,0,4.8
1664,170,19,17,13.97,188.83,Ensolarado,1,91,76,1,15,3.1
1665,137,16,16,1.27,35.32,Ensolarado,1,50,38,1,12,3.5
1666,178,8,12,7.68,89.41,Chuvoso,1,86,58,1,28,1.5
1667,27,18,8,10.63,32.79,Ensolarado,0,50,66,0,0,4.6
1668,122,27,20,11.12,57.94,Ensolarado,1,83,68,1,15,3.1
1669,194,23,3,10.7,61.29,Chuvoso,1,96,67,1,29,1.4
1670,5,29,16,2.88,104.44,Ensolarado,0,40,43,0,0,4.7
1671,29,18,30,5.19,68.34,Chuvoso,1,69,50,1,19,2.6
1672,165,20,45,6.02,38.18,Ensolarado,0,49,53,0,0,4.9
1673,166,7,23,12.26,50.15,Nublado,0,82,71,1,11,3.6
1674,83,3,28,4.9,46.51,Ensolarado,0,50,49,1,1,4.8
1675,136,18,40,3.95,195.15,Nublado,1,60,46,1,14,3.3
1676,109,27,5,14.4,156.67,Chuvoso,0,103,78,1,25,2.0
1677,65,10,20,1.12,194.2,Ensolarado,0,38,38,0,0,4.7
1678,86,7,40,14.97,99.15,Ensolarado,0,83,79,1,4,4.5
1679,145,17,44,10.48,70.11,Ensolarado,0,68,66,1,2,4.4
1680,71,14,1,12.6,163.69,Ensolarado,0,60,72,0,0,4.7
1681,45,24,30,5.12,78.73,Ensolarado,1,69,50,1,19,2.5
1682,132,3,21,1.2,73.89,Ensolarado,1,55,38,1,17,2.8
1683,36,12,20,11.33,61.85,Ensolarado,0,67,68,0,0,4.9
1684,70,28,6,12.68,43.34,Ensolarado,0,69,73,0,0,4.7
1685,159,13,22,11.37,66.16,Ensolarado,0,71,69,1,2,4.5
1686,19,2,18,3.0,83.96,Nublado,1,63,44,1,19,2.5
1687,189,3,8,11.55,141.32,Ensolarado,0,76,69,1,7,4.2
1688,108,5,39,11.76,31.26,Ensolarado,0,65,70,0,0,4.6
1689,182,11,32,10.22,57.89,Ensolarado,0,62,65,0,0,5.0
1690,167,8,33,11.73,165.62,Ensolarado,1,91,70,1,21,2.3
1691,91,26,16,12.84,46.45,Ensolarado,1,93,73,1,20,2.4
1692,90,23,12,9.59,81.68,Ensolarado,1,86,63,1,23,2.2
1693,19,23,38,2.24,175.64,Ensolarado,1,64,41,1,23,2.0
1694,39,12,34,7.83,47.89,Nublado,0,67,58,1,9,3.6
1695,126,7,14,2.09,34.89,Ensolarado,0,46,41,1,5,4.1
1696,195,15,36,6.71,107.22,Nublado,0,70,55,1,15,2.8
1697,173,24,33,6.7,74.44,Nublado,0,53,55,0,0,4.8
1698,141,17,23,1.92,121.41,Nublado,0,41,40,1,1,4.6
1699,126,4,45,5.88,164.68,Chuvoso,0,62,52,1,10,3.8
1700,58,29,2,2.55,44.69,Ensolarado,0,51,42,1,9,3.7
1701,148,22,41,12.32,124.53,Ensolarado,1,77,71,1,6,4.2
1702,61,25,21,14.27,110.99,Chuvoso,1,110,77,1,33,1.0
1703,127,13,2,2.01,45.93,Ensolarado,1,57,41,1,16,2.9
1704,105,18,27,14.37,132.32,Ensolarado,1,91,78,1,13,3.3
1705,167,1,9,8.32,69.26,Nublado,0,62,59,1,3,4.4
1706,1,16,1,5.19,107.81,Nublado,1,66,50,1,16,2.7
1707,131,13,11,2.08,34.81,Chuvoso,0,57,41,1,16,2.9
1708,92,10,3,8.01,102.73,Chuvoso,1,86,59,1,27,1.4
1709,190,12,23,12.12,75.16,Nublado,0,81,71,1,10,3.5
1710,191,2,26,10.9,168.03,Ensolarado,1,79,67,1,12,3.4
1711,113,23,4,1.7,30.26,Chuvoso,0,45,40,1,5,4.1
1712,153,3,18,2.02,95.35,Ensolarado,0,44,41,1,3,4.6
1713,56,10,6,6.64,102.52,Ensolarado,1,64,54,1,10,3.5
1714,161,2,35,5.13,150.5,Chuvoso,0,55,50,1,5,4.2
1715,166,27,22,4.25,123.37,Ensolarado,1,58,47,1,11,3.3
1716,117,23,43,4.93,140.1,Ensolarado,1,64,49,1,15,2.9
1717,134,13,15,12.25,159.87,Ensolarado,1,90,71,1,19,2.4
1718,58,13,22,14.01,175.2,Chuvoso,1,97,77,1,20,2.3
1719,44,18,37,6.67,76.5,Ensolarado,1,58,55,1,3,4.5
1720,173,3,42,13.69,116.84,Nublado,0,78,76,1,2,4.7
1721,160,27,12,5.5,171.22,Ensolarado,1,53,51,1,2,4.6
1722,173,7,47,7.67,198.1,Nublado,1,86,58,1,28,1.5
1723,61,14,49,4.16,180.11,Nublado,1,63,47,1,16,3.0
1724,47,20,42,9.97,86.86,Ensolarado,0,60,64,0,0,4.6
1725,149,29,38,14.71,55.13,Ensolarado,1,100,79,1,21,2.3
1726,80,17,18,9.45,108.09,Ensolarado,1,78,63,1,15,2.8
1727,118,29,45,6.01,153.5,Chuvoso,1,84,53,1,31,1.0
1728,164,21,35,10.07,108.66,Nublado,0,74,65,1,9,3.7
1729,147,12,30,2.72,106.97,Chuvoso,0,58,43,1,15,2.8
1730,20,25,24,13.44,170.88,Ensolarado,0,81,75,1,6,4.1
1731,185,16,42,8.04,85.05,Nublado,1,74,59,1,15,2.8
1732,146,24,30,7.29,174.76,Nublado,1,75,56,1,19,2.6
1733,47,12,14,9.2,93.22,Nublado,0,63,62,1,1,4.7
1734,49,15,6,9.75,79.08,Chuvoso,0,81,64,1,17,2.8
1735,14,25,3,2.0,101.72,Ensolarado,0,40,41,0,0,4.8
1736,143,10,16,10.56,157.24,Ensolarado,0,73,66,1,7,3.9
1737,159,25,7,4.39,42.68,Nublado,1,68,48,1,20,2.4
1738,1,7,14,11.0,55.36,Nublado,1,96,68,1,28,1.5
1739,117,20,9,12.52,191.26,Ensolarado,0,69,72,0,0,4.6
1740,54,5,15,12.26,51.59,Ensolarado,0,66,71,0,0,4.8
1741,118,1,21,8.74,122.19,Ensolarado,0,62,61,1,1,4.7
1742,3,17,35,8.28,124.28,Ensolarado,1,60,59,1,1,4.6
1743,144,3,2,3.0,108.13,Ensolarado,0,40,44,0,0,4.7
1744,185,13,27,11.85,136.05,Nublado,0,76,70,1,6,3.9
1745,12,14,2,4.8,61.37,Nublado,0,46,49,0,0,4.8
1746,74,24,35,7.95,119.48,Ensolarado,1,69,58,1,11,3.6
1747,16,18,18,4.98,86.99,Ensolarado,1,55,49,1,6,4.1
1748,102,4,14,2.87,139.1,Ensolarado,1,61,43,1,18,2.6
1749,152,18,20,9.81,45.42,Ensolarado,0,61,64,0,0,4.6
1750,156,5,18,1.76,122.76,Nublado,0,52,40,1,12,3.4
1751,117,25,10,11.48,53.35,Chuvoso,0,89,69,1,20,2.2
1752,8,16,25,5.45,70.16,Ensolarado,1,60,51,1,9,3.7
1753,122,1,2,1.0,59.37,Nublado,0,36,38,0,0,4.6
1754,92,21,25,8.16,52.91,Chuvoso,0,74,59,1,15,3.2
1755,164,14,33,1.66,168.63,Nublado,1,68,39,1,29,1.2
1756,90,15,36,4.87,71.43,Ensolarado,1,51,49,1,2,4.4
1757,136,9,31,10.9,186.88,Chuvoso,0,88,67,1,21,2.1
1758,186,15,14,1.88,194.59,Ensolarado,0,46,40,1,6,4.3
1759,60,17,1,12.75,122.83,Ensolarado,0,74,73,1,1,4.8
1760,178,25,46,1.05,45.74,Ensolarado,1,54,38,1,16,2.8
1761,28,24,16,4.46,87.42,Ensolarado,1,56,48,1,8,4.0
1762,101,4,46,11.37,163.59,Ensolarado,0,62,69,0,0,5.0
1763,41,12,3,5.43,86.13,Ensolarado,0,56,51,1,5,4.3
1764,192,27,35,2.43,35.66,Ensolarado,1,66,42,1,24,1.9
1765,155,26,41,6.04,120.22,Nublado,1,67,53,1,14,3.1
1766,191,5,6,4.79,172.12,Chuvoso,0,71,49,1,22,2.3
1767,145,29,25,12.8,163.27,Ensolarado,0,78,73,1,5,4.3
1768,161,5,13,5.39,51.52,Chuvoso,0,54,51,1,3,4.4
1769,157,11,34,12.05,141.1,Chuvoso,0,85,71,1,14,3.1
1770,141,28,8,13.49,59.69,Nublado,1,88,75,1,13,3.4
1771,46,6,21,7.07,59.28,Ensolarado,1,63,56,1,7,4.0
1772,35,7,34,13.74,177.33,Nublado,1,85,76,1,9,3.6
1773,134,24,4,6.28,64.94,Chuvoso,0,70,53,1,17,2.6
1774,82,14,25,14.5,67.38,Nublado,1,100,78,1,22,2.0
1775,115,24,15,2.25,20.12,Ensolarado,0,27,41,0,0,4.6
1776,197,11,4,10.62,176.72,Ensolarado,0,57,66,0,0,4.8
1777,47,13,45,7.91,162.67,Nublado,0,60,58,1,2,4.5
1778,153,2,12,6.43,132.92,Ensolarado,0,65,54,1,11,3.5
1779,194,25,32,9.86,155.05,Ensolarado,1,73,64,1,9,3.7
1780,10,7,32,10.85,47.37,Ensolarado,0,60,67,0,0,4.9
1781,56,20,28,1.06,102.5,Nublado,0,48,38,1,10,3.6
1782,30,4,13,3.34,83.22,Chuvoso,0,59,45,1,14,3.1
1783,109,27,31,10.98,36.88,Ensolarado,0,81,67,1,14,3.3
1784,5,8,14,10.33,107.5,Chuvoso,0,74,65,1,9,3.6
1785,119,20,20,14.52,185.73,Ensolarado,0,83,78,1,5,4.4
1786,33,29,18,11.65,27.21,Nublado,1,97,69,1,28,1.5
1787,118,22,29,14.31,72.46,Nublado,0,92,77,1,15,3.2
1788,65,21,6,10.84,57.36,Nublado,0,74,67,1,7,4.0
1789,146,19,32,5.17,62.87,Chuvoso,0,61,50,1,11,3.7
1790,177,13,29,2.48,183.52,Ensolarado,1,58,42,1,16,2.7
1791,11,14,43,11.95,104.25,Chuvoso,0,85,70,1,15,3.0
1792,85,10,2,10.02,103.93,Ensolarado,0,72,65,1,7,4.0
1793,26,11,23,1.67,156.9,Nublado,0,47,40,1,7,4.0
1794,63,2,19,6.04,47.81,Nublado,0,62,53,1,9,3.7
1795,86,25,31,14.4,107.71,Nublado,0,87,78,1,9,3.6
1796,59,26,5,8.01,97.4,Ensolarado,1,71,59,1,12,3.3
1797,27,9,19,7.06,127.44,Chuvoso,1,82,56,1,26,1.6
1798,177,17,34,7.41,199.92,Ensolarado,0,65,57,1,8,3.7
1799,161,26,10,3.92,158.5,Ensolarado,1,70,46,1,24,1.8
1800,98,3,25,6.16,91.62,Nublado,1,69,53,1,16,2.8
1801,105,24,2,6.18,168.96,Ensolarado,0,53,53,0,0,4.9
1802,99,6,11,1.73,50.73,Nublado,0,40,40,0,0,4.7
1803,129,5,31,11.75,25.48,Ensolarado,0,69,70,0,0,4.8
1804,149,5,15,6.83,56.8,Ensolarado,0,58,55,1,3,4.4
1805,55,22,9,12.51,81.27,Nublado,1,72,72,0,0,4.7
1806,6,15,23,12.9,111.9,Ensolarado,1,92,73,1,19,2.4
1807,197,23,19,3.97,130.72,Ensolarado,1,52,46,1,6,3.9
1808,95,17,9,10.2,183.91,Nublado,1,76,65,1,11,3.7
1809,133,9,35,7.61,111.77,Ensolarado,0,68,57,1,11,3.7
1810,102,3,21,13.32,110.23,Nublado,0,71,74,0,0,4.9
1811,3,20,9,4.02,29.04,Ensolarado,1,64,47,1,17,2.6
1812,181,26,28,10.49,26.28,Nublado,0,78,66,1,12,3.2
1813,23,17,46,9.51,119.21,Nublado,1,69,63,1,6,4.0
1814,53,29,7,5.13,98.87,Nublado,1,57,50,1,7,3.9
1815,165,27,16,2.91,171.05,Ensolarado,1,53,43,1,10,3.5
1816,83,10,16,10.12,48.92,Nublado,1,77,65,1,12,3.2
1817,145,3,33,11.34,24.49,Nublado,0,74,69,1,5,4.1
1818,85,18,4,5.42,100.83,Nublado,1,75,51,1,24,1.9
1819,78,18,4,10.03,62.75,Ensolarado,1,66,65,1,1,4.6
1820,110,17,39,6.53,28.93,Chuvoso,0,64,54,1,10,3.7
1821,1,24,40,10.98,150.43,Nublado,1,78,67,1,11,3.4
1822,51,3,17,3.79,40.09,Ensolarado,0,52,46,1,6,4.1
1823,173,3,37,13.46,129.5,Ensolarado,1,94,75,1,19,2.7
1824,4,6,39,5.02,70.59,Chuvoso,0,59,50,1,9,3.6
1825,190,13,29,6.15,51.23,Ensolarado,0,51,53,0,0,4.8
1826,193,24,36,1.81,88.36,Chuvoso,0,47,40,1,7,3.8
1827,113,29,38,2.56,164.26,Nublado,1,71,42,1,29,1.4
1828,32,15,39,8.22,90.58,Nublado,0,56,59,0,0,4.8
1829,34,25,37,4.75,155.14,Ensolarado,0,47,49,0,0,4.8
1830,92,9,35,12.7,42.59,Ensolarado,0,68,73,0,0,5.0
1831,95,4,7,1.21,159.1,Chuvoso,1,61,38,1,23,2.1
1832,72,14,27,6.31,62.65,Ensolarado,0,53,53,0,0,4.9
1833,39,5,28,5.72,141.93,Nublado,0,56,52,1,4,4.5
1834,154,2,22,1.27,121.84,Ensolarado,1,34,38,0,0,4.9
1835,162,11,14,2.74,187.25,Ensolarado,0,41,43,0,0,4.9
1836,182,9,7,6.79,89.72,Ensolarado,1,64,55,1,9,3.6
1837,118,24,37,7.9,31.91,Ensolarado,0,55,58,0,0,5.0
1838,3,3,22,6.66,23.45,Chuvoso,1,74,54,1,20,2.4
1839,123,27,5,8.43,168.83,Ensolarado,0,54,60,0,0,4.7
1840,50,28,2,9.33,114.45,Ensolarado,0,56,62,0,0,4.8
1841,12,29,27,1.14,159.54,Ensolarado,1,45,38,1,7,3.8
1842,193,9,21,7.5,62.2,Ensolarado,0,47,57,0,0,4.7
1843,54,3,38,14.49,82.12,Ensolarado,1,96,78,1,18,2.5
1844,133,25,15,8.27,25.42,Chuvoso,0,67,59,1,8,4.0
1845,57,2,21,10.49,193.07,Ensolarado,0,75,66,1,9,3.6
1846,145,12,10,5.37,140.22,Ensolarado,0,42,51,0,0,4.7
1847,112,10,23,11.84,187.98,Ensolarado,1,94,70,1,24,2.0
1848,47,9,39,11.82,67.79,Chuvoso,0,85,70,1,15,3.1
1849,151,15,5,8.3,130.06,Ensolarado,0,61,59,1,2,4.6
1850,85,8,1,14.66,142.13,Ensolarado,0,70,78,0,0,4.7
1851,142,25,13,2.76,77.16,Nublado,0,43,43,0,0,4.8
1852,66,5,21,1.24,172.66,Ensolarado,0,39,38,1,1,4.6
1853,75,11,26,11.78,190.49,Ensolarado,1,91,70,1,21,2.4
1854,179,27,45,12.3,179.27,Ensolarado,0,66,71,0,0,4.7
1855,103,2,21,2.68,153.03,Nublado,1,46,43,1,3,4.5
1856,166,24,18,4.72,69.94,Ensolarado,0,48,49,0,0,4.9
1857,192,28,37,1.25,70.69,Nublado,1,52,38,1,14,3.1
1858,38,15,45,5.11,193.4,Nublado,1,63,50,1,13,3.4
1859,50,6,32,11.82,21.85,Ensolarado,0,62,70,0,0,5.0
1860,98,8,36,8.25,148.89,Ensolarado,1,59,59,0,0,4.9
1861,82,27,17,5.87,147.12,Ensolarado,0,65,52,1,13,3.2
1862,30,5,35,6.2,132.08,Nublado,1,64,53,1,11,3.3
1863,79,16,49,1.02,198.22,Ensolarado,1,50,38,1,12,3.2
1864,91,26,11,5.2,76.14,Ensolarado,0,54,50,1,4,4.3
1865,179,18,21,10.05,81.19,Ensolarado,0,68,65,1,3,4.6
1866,191,6,26,14.64,34.21,Chuvoso,0,87,78,1,9,3.7
1867,52,5,4,12.86,99.7,Ensolarado,0,81,73,1,8,3.8
1868,166,28,34,1.33,66.99,Chuvoso,0,48,38,1,10,3.7
1869,79,16,48,13.58,81.81,Ensolarado,0,69,75,0,0,5.0
1870,30,13,18,11.96,170.22,Ensolarado,0,77,70,1,7,4.0
1871,106,28,40,11.93,188.39,Ensolarado,1,77,70,1,7,3.9
1872,51,5,35,7.41,53.43,Ensolarado,0,50,57,0,0,4.9
1873,81,13,41,6.57,87.05,Ensolarado,0,52,54,0,0,4.7
1874,133,17,29,5.24,187.15,Ensolarado,1,54,50,1,4,4.4
1875,29,18,29,1.92,31.13,Chuvoso,0,47,40,1,7,4.1
1876,132,8,38,4.2,36.62,Nublado,0,62,47,1,15,3.0
1877,138,13,42,4.45,49.3,Nublado,0,42,48,0,0,4.8
1878,184,29,21,7.78,127.14,Ensolarado,1,82,58,1,24,2.1
1879,145,19,42,11.46,47.09,Ensolarado,1,84,69,1,15,3.2
1880,74,26,13,7.63,194.25,Ensolarado,0,57,57,0,0,4.9
1881,17,3,49,1.81,100.41,Nublado,1,49,40,1,9,3.9
1882,84,24,41,14.41,110.27,Chuvoso,0,82,78,1,4,4.4
1883,69,8,17,14.2,64.4,Ensolarado,1,94,77,1,17,2.6
1884,34,2,9,11.99,104.77,Ensolarado,1,73,70,1,3,4.4
1885,6,8,41,14.88,139.14,Ensolarado,1,106,79,1,27,1.5
1886,53,27,1,8.62,155.21,Ensolarado,0,53,60,0,0,4.9
1887,194,13,2,14.48,155.7,Ensolarado,0,90,78,1,12,3.4
1888,126,13,48,2.06,124.02,Nublado,0,37,41,0,0,5.0
1889,43,1,29,6.12,182.78,Nublado,1,71,53,1,18,2.6
1890,115,6,33,4.16,167.13,Ensolarado,0,49,47,1,2,4.6
1891,111,24,10,3.74,156.27,Ensolarado,1,55,46,1,9,3.9
1892,151,19,40,2.97,30.01,Chuvoso,1,80,43,1,37,1.0
1893,183,16,21,9.71,21.24,Ensolarado,0,64,64,0,0,4.8
1894,80,8,28,11.94,58.24,Ensolarado,1,69,70,0,0,4.9
1895,95,28,11,9.1,139.43,Ensolarado,1,68,62,1,6,4.2
1896,118,1,34,3.06,94.02,Ensolarado,1,66,44,1,22,2.1
1897,144,27,8,12.36,92.43,Ensolarado,1,71,72,0,0,4.7
1898,8,27,22,9.9,179.23,Nublado,1,82,64,1,18,2.7
1899,132,16,8,6.43,181.2,Ensolarado,0,49,54,0,0,4.9
1900,104,9,49,10.44,183.65,Ensolarado,1,71,66,1,5,4.2
1901,132,13,15,4.64,76.5,Nublado,0,47,48,0,0,4.9
1902,184,11,17,5.83,144.39,Ensolarado,1,72,52,1,20,2.3
1903,25,13,23,13.84,68.89,Chuvoso,1,107,76,1,31,1.0
1904,195,25,24,5.07,54.31,Chuvoso,0,62,50,1,12,3.5
1905,96,21,45,7.58,53.23,Ensolarado,1,63,57,1,6,4.3
1906,195,10,19,13.46,81.58,Nublado,0,86,75,1,11,3.4
1907,155,4,5,10.91,97.39,Ensolarado,0,56,67,0,0,4.9
1908,93,27,32,1.87,169.57,Chuvoso,0,64,40,1,24,2.1
1909,160,6,44,3.06,41.58,Ensolarado,1,44,44,0,0,4.7
1910,178,28,1,1.11,152.29,Chuvoso,1,75,38,1,37,1.0
1911,61,7,23,9.83,115.66,Nublado,1,84,64,1,20,2.4
1912,122,5,37,7.27,71.83,Ensolarado,0,55,56,0,0,4.9
1913,51,11,8,2.88,108.71,Ensolarado,1,56,43,1,13,3.2
1914,147,13,13,14.41,73.99,Chuvoso,1,112,78,1,34,1.0
1915,21,26,8,8.42,127.29,Chuvoso,0,91,60,1,31,1.0
1916,5,25,23,4.39,98.09,Ensolarado,0,39,48,0,0,4.7
1917,92,19,43,8.01,49.59,Nublado,0,44,59,0,0,4.9
1918,170,23,1,10.51,40.98,Ensolarado,1,81,66,1,15,3.0
1919,61,10,45,2.07,118.41,Ensolarado,1,47,41,1,6,4.1
1920,22,10,24,4.85,182.43,Ensolarado,1,45,49,0,0,4.8
1921,149,11,35,12.3,81.91,Ensolarado,0,81,71,1,10,3.5
1922,70,21,24,7.44,151.94,Nublado,1,78,57,1,21,2.2
1923,1,7,17,8.65,138.56,Ensolarado,0,68,60,1,8,4.0
1924,133,18,5,7.06,187.68,Nublado,0,61,56,1,5,4.1
1925,12,4,20,1.61,167.78,Ensolarado,1,58,39,1,19,2.7
1926,90,2,21,3.32,121.99,Ensolarado,0,49,44,1,5,4.1
1927,46,14,40,7.24,138.27,Ensolarado,1,60,56,1,4,4.3
1928,34,13,31,3.93,181.71,Ensolarado,0,47,46,1,1,4.8
1929,177,29,46,1.7,91.91,Ensolarado,1,53,40,1,13,3.3
1930,78,12,36,12.81,78.82,Ensolarado,0,71,73,0,0,4.7
1931,45,7,11,14.74,21.95,Ensolarado,0,65,79,0,0,4.7
1932,155,2,15,12.1,168.78,Ensolarado,0,68,71,0,0,4.9
1933,73,13,19,12.95,164.18,Ensolarado,0,82,73,1,9,3.8
1934,26,14,7,4.39,38.8,Ensolarado,1,65,48,1,17,2.7
1935,47,27,28,14.45,123.83,Chuvoso,0,85,78,1,7,4.2
1936,121,17,43,3.76,103.52,Chuvoso,1,76,46,1,30,1.4
1937,56,9,5,14.32,41.37,Ensolarado,1,88,77,1,11,3.6
1938,94,17,5,14.93,196.5,Ensolarado,0,83,79,1,4,4.4
1939,107,8,30,10.96,58.65,Ensolarado,0,59,67,0,0,4.8
1940,63,2,32,14.74,32.1,Chuvoso,1,103,79,1,24,1.7
1941,48,28,8,8.97,127.07,Ensolarado,1,83,61,1,22,2.1
1942,61,24,10,4.63,153.0,Ensolarado,1,54,48,1,6,4.3
1943,81,13,38,7.12,25.84,Ensolarado,0,63,56,1,7,3.9
1944,26,3,47,9.31,138.57,Ensolarado,1,80,62,1,18,2.6
1945,36,16,32,2.02,115.81,Ensolarado,0,39,41,0,0,4.9
1946,1,6,48,9.71,38.59,Nublado,1,74,64,1,10,3.4
1947,8,19,28,14.74,51.05,Ensolarado,1,85,79,1,6,4.1
1948,113,7,17,3.66,122.24,Nublado,0,52,45,1,7,3.8
1949,99,10,31,12.1,73.34,Ensolarado,0,71,71,0,0,4.8
1950,180,9,8,13.71,188.9,Ensolarado,0,76,76,0,0,4.8
1951,47,2,40,14.21,167.37,Chuvoso,0,86,77,1,9,3.9
1952,127,28,25,14.44,197.04,Ensolarado,1,87,78,1,9,3.7
1953,56,28,9,8.3,66.74,Nublado,0,71,59,1,12,3.5
1954,14,15,2,14.68,194.55,Ensolarado,0,77,79,0,0,4.7
1955,28,5,15,11.6,97.62,Ensolarado,0,62,69,0,0,4.7
1956,78,29,3,3.26,82.55,Chuvoso,1,70,44,1,26,1.6
1957,130,22,49,7.68,29.06,Ensolarado,1,52,58,0,0,4.7
1958,109,4,36,11.06,29.5,Chuvoso,0,83,68,1,15,2.9
1959,154,20,4,4.46,144.56,Ensolarado,0,50,48,1,2,4.7
1960,14,4,14,9.97,102.43,Chuvoso,1,88,64,1,24,1.9
1961,187,18,41,10.33,60.77,Ensolarado,1,83,65,1,18,2.6
1962,56,4,41,3.28,130.51,Ensolarado,0,41,44,0,0,4.7
1963,115,27,25,8.91,65.51,Nublado,0,77,61,1,16,2.8
1964,7,17,10,11.8,123.97,Chuvoso,0,83,70,1,13,3.4
1965,3,12,21,7.98,84.66,Chuvoso,0,71,58,1,13,3.4
1966,111,22,36,1.17,168.24,Nublado,0,41,38,1,3,4.3
1967,151,17,12,1.13,167.73,Chuvoso,1,61,38,1,23,2.0
1968,107,10,27,6.0,105.92,Ensolarado,0,45,53,0,0,4.9
1969,18,22,40,13.97,83.15,Ensolarado,1,73,76,0,0,4.7
1970,38,1,2,4.2,85.26,Ensolarado,0,49,47,1,2,4.4
1971,115,22,13,9.88,165.03,Ensolarado,1,64,64,0,0,4.9
1972,15,26,32,4.11,79.07,Ensolarado,1,53,47,1,6,4.0
1973,192,24,31,5.5,57.63,Ensolarado,0,44,51,0,0,4.6
1974,119,27,16,12.87,35.24,Ensolarado,0,74,73,1,1,4.5
1975,28,18,32,11.2,104.0,Nublado,1,97,68,1,29,1.2
1976,39,18,32,2.34,106.78,Ensolarado,0,43,42,1,1,4.7
1977,185,14,34,7.0,171.36,Ensolarado,0,70,56,1,14,3.2
1978,17,15,11,1.41,59.82,Ensolarado,0,35,39,0,0,5.0
1979,86,29,10,7.73,88.58,Nublado,1,73,58,1,15,3.2
1980,126,12,15,10.27,165.51,Nublado,0,70,65,1,5,4.2
1981,44,4,17,2.66,168.25,Nublado,1,63,42,1,21,2.3
1982,25,27,40,5.04,89.23,Ensolarado,0,56,50,1,6,4.2
1983,145,3,18,6.57,102.64,Ensolarado,1,54,54,0,0,4.8
1984,13,20,9,13.87,74.59,Ensolarado,0,81,76,1,5,4.3
1985,25,29,25,14.91,187.86,Ensolarado,1,99,79,1,20,2.3
1986,68,12,40,1.63,41.36,Ensolarado,0,36,39,0,0,4.9
1987,138,7,14,11.65,188.07,Ensolarado,1,83,69,1,14,3.1
1988,67,29,25,6.2,143.1,Ensolarado,1,63,53,1,10,3.6
1989,109,11,22,6.49,115.68,Chuvoso,0,68,54,1,14,3.3
1990,146,1,30,11.56,25.88,Chuvoso,0,76,69,1,7,3.8
1991,111,6,20,13.86,105.61,Ensolarado,0,64,76,0,0,4.8
1992,111,15,21,14.31,93.39,Ensolarado,0,75,77,0,0,4.9
1993,34,15,44,9.08,49.02,Ensolarado,1,70,62,1,8,4.0
1994,111,19,32,6.0,138.15,Ensolarado,0,50,53,0,0,4.9
1995,8,11,46,12.03,194.81,Chuvoso,0,80,71,1,9,3.9
1996,168,26,49,4.51,121.19,Ensolarado,1,58,48,1,10,3.7
1997,113,23,21,8.9,148.66,Nublado,0,66,61,1,5,4.2
1998,83,26,35,6.02,32.32,Ensolarado,0,56,53,1,3,4.3
1999,42,2,32,10.19,95.18,Chuvoso,0,86,65,1,21,2.2
2000,169,14,30,4.37,40.94,Ensolarado,1,66,48,1,18,2.8
